Texts,Texts2,Labels
Protest Hongkong China Einmischung USA,ZWF Protest Hongkong China Einmischung USA ZWF,0
Hongkong Aktivist Wong China Maas,ZWF Hongkong Aktivist Wong China Maas ZWF,0
Drohung Sanktion US Senat Hongkong Demonstrant China,ZWF Drohung Sanktion US Senat Hongkong Demonstrant China ZWF,0
China Herausforderung Hongkong Interesse Antagonismus Kotau,ZWF China Herausforderung Hongkong Interesse Antagonismus Kotau ZWF,0
Antwort China Expansionismus Gesellschaft Asien Zukunftsperspektive Partner Europa Konflikt China USA Augenhoehe China EU Zweifel Freiheit Sicherheitsgesetz Peking Rechte Hongkong Darauf Antwort EU,ZWF Antwort China Expansionismus Gesellschaft Asien Zukunftsperspektive Partner Europa Konflikt China USA Augenhoehe China EU Zweifel Freiheit Sicherheitsgesetz Peking Rechte Hongkong Darauf Antwort EU ZWF,0
Kanada USA Neuseeland Australien Beziehung China Grund Sicherheitsgesetz Hongkong Demokratie Aktivist Law Kanzlerin Merkel Hilfe Australien Auslieferungsgesetz Hongkong Kanada USA ueberdenken Neuseeland Australien Beziehung China Grund Sicherheitsgesetz Hongkong Demokratie Aktivist Law Kanzlerin,ZWF Kanada USA Neuseeland Australien Beziehung China Grund Sicherheitsgesetz Hongkong Demokratie Aktivist Law Kanzlerin Merkel Hilfe Australien Auslieferungsgesetz Hongkong Kanada USA ueberdenken Neuseeland Australien Beziehung China Grund Sicherheitsgesetz Hongkong Demokratie Aktivist Law Kanzlerin ZWF,0
Grossbritannien Streit Sicherheitsgesetz Auslieferungsgesetz Hongkong China Regierung London Fehler Hongkong China Grossbritannien scharfen Gegenmassnahmen Grossbritannien Streit Sicherheitsgesetz Auslieferungsgesetz Hongkong Regierung London,ZWF Grossbritannien Streit Sicherheitsgesetz Auslieferungsgesetz Hongkong China Regierung London Fehler Hongkong China Grossbritannien scharfen Gegenmassnahmen Grossbritannien Streit Sicherheitsgesetz Auslieferungsgesetz Hongkong Regierung London ZWF,0
Bundesregierung Eiertanz Positionierung Huawei 5G Absage EU China Gipfels Hongkong Wende China Politik Bundesregierung Ton VolksrepublikAuslieferungsabkommen Hongkong Schritt Umschwung China Politik,ZWF Bundesregierung Eiertanz Positionierung Huawei 5G Absage EU China Gipfels Hongkong Wende China Politik Bundesregierung Ton VolksrepublikAuslieferungsabkommen Hongkong Schritt Umschwung China Politik ZWF,0
China Aussenminister Berlin EU China Gipfel Bundeskanzlerin Opposition Hongkong Ruecken China Aussenminister Europa Aussenminister WangYi Italien Land Vorgehen Hongkong Kritik Peking ,ZWF China Aussenminister Berlin EU China Gipfel Bundeskanzlerin Opposition Hongkong Ruecken China Aussenminister Europa Aussenminister WangYi Italien Land Vorgehen Hongkong Kritik Peking  ZWF,0
Berlin Hongkong Aktivist Law Deutschland Sanktion China Hongkong Aktivist Nathan Law Kundgebung Berlin Entwicklung Heimat Hongkong Berlin Kalten-Krieg Law,ZWF Berlin Hongkong Aktivist Law Deutschland Sanktion China Hongkong Aktivist Nathan Law Kundgebung Berlin Entwicklung Heimat Hongkong Berlin Kalten-Krieg Law ZWF,0
Menschenrecht Hongkong Taiwan Verhaeltnis USA China Praesident Telefon Biden Xi Menschenrecht Hongkong Taiwan Verhaeltnis USA China Praesidenten Laender Telefon,ZWF Menschenrecht Hongkong Taiwan Verhaeltnis USA China Praesident Telefon Biden Xi Menschenrecht Hongkong Taiwan Verhaeltnis USA China Praesidenten Laender Telefon ZWF,0
Beziehung China USA US Aussenminister Pompeo Aussenpolitiker Meinungsaustausch Anschluss Beziehung China US Kriegsschiffen Aufenthalt Hongkong Hafen US Kriegsschiffe Hafen Hongkong,ZWF Beziehung China USA US Aussenminister Pompeo Aussenpolitiker Meinungsaustausch Anschluss Beziehung China US Kriegsschiffen Aufenthalt Hongkong Hafen US Kriegsschiffe Hafen Hongkong ZWF,0
China Reise Merkel Brief Aktivist Hongkong Hongkong Aktivist Angela Merkel Kurz Reise China Bundeskanzlerin Brief Anfuehrer Demokratiebewegung Hongkong Unterstuetzung,ZWF China Reise Merkel Brief Aktivist Hongkong Hongkong Aktivist Angela Merkel Kurz Reise China Bundeskanzlerin Brief Anfuehrer Demokratiebewegung Hongkong Unterstuetzung ZWF,0
China Merkel Peking Hongkong China Merkel Hongkong China Reise Kanzlerin Merkel Peking Hongkong Konflikt,ZWF China Merkel Peking Hongkong China Merkel Hongkong China Reise Kanzlerin Merkel Peking Hongkong Konflikt ZWF,0
Wirtschaft Regime China Einsicht Umkehr Politik Illusion Theo Sommer Hongkong China Westen Hongkong China Gewalt Hilfe,ZWF Wirtschaft Regime China Einsicht Umkehr Politik Illusion Theo Sommer Hongkong China Westen Hongkong China Gewalt Hilfe ZWF,0
China Aussenminister Maass Hongkong Demokratie Aktivist Joshua Wong Bundesregierung Kenntnis Hongkong Freiheit Demokratie Aktivist Hongkong Joshua Wong Grundgesetz Asyl Bundesregierung China,ZWF China Aussenminister Maass Hongkong Demokratie Aktivist Joshua Wong Bundesregierung Kenntnis Hongkong Freiheit Demokratie Aktivist Hongkong Joshua Wong Grundgesetz Asyl Bundesregierung China ZWF,0
Zwischenfall Konsequenz Beziehung Heiko Maas Joshua Wong China Botschafter Peking Hongkong Joshua Wong China Botschafter Peking Hongkong Aktivist Botschafter Peking Zwischenfall Folgen ,ZWF Zwischenfall Konsequenz Beziehung Heiko Maas Joshua Wong China Botschafter Peking Hongkong Joshua Wong China Botschafter Peking Hongkong Aktivist Botschafter Peking Zwischenfall Folgen  ZWF,0
HandelsBeziehung Deutschland China Besuch Hongkong Freiheitskaempfers China Sonnenschein Politik Handelsbeziehung Deutschland China Geschaefte,ZWF HandelsBeziehung Deutschland China Besuch Hongkong Freiheitskaempfers China Sonnenschein Politik Handelsbeziehung Deutschland China Geschaefte ZWF,0
US Praesident Donald Trump Ende Sonderbehandlung Hongkong Wege Schritt Konflikt China China Trump Ende Ausnahmestatus Hongkong USA Angaben Einmischungsversuche China US Praesident Einreiseverbote Hongkong Regierung Schritt,ZWF US Praesident Donald Trump Ende Sonderbehandlung Hongkong Wege Schritt Konflikt China China Trump Ende Ausnahmestatus Hongkong USA Angaben Einmischungsversuche China US Praesident Einreiseverbote Hongkong Regierung Schritt ZWF,0
Peking kuendigt Abkommen Grossbritannien Hongkong Versuch China Weltordnung Konsequenz Hongkong China Stadt Angst Peking Sicherheitsgesetz Abkommen Grossbritannien Hongkong Konsequenz ,ZWF Peking kuendigt Abkommen Grossbritannien Hongkong Versuch China Weltordnung Konsequenz Hongkong China Stadt Angst Peking Sicherheitsgesetz Abkommen Grossbritannien Hongkong Konsequenz  ZWF,0
Hongkong Krise EU Massnahmenpaket China Hongkong Krise EU Massnahmen China Bestimmte Exporte Niederschlagung Protest Hongkong,ZWF Hongkong Krise EU Massnahmenpaket China Hongkong Krise EU Massnahmen China Bestimmte Exporte Niederschlagung Protest Hongkong ZWF,0
China Aussenminister EU Staaten War Reise Erfolg Uiguren Hongkong Taiwan Huawei WangYi China Aussenminister Europa Stimmung Coronavirus Uiguren Hongkong Beziehung Wang,ZWF China Aussenminister EU Staaten War Reise Erfolg Uiguren Hongkong Taiwan Huawei WangYi China Aussenminister Europa Stimmung Coronavirus Uiguren Hongkong Beziehung Wang ZWF,0
US Praesident JoeBiden Telefonat China Staatschef Xi Jinping Wirtschaftspraktik Repression Hongkong Zusammenarbeit China US Aussenpolitik Joe Biden China Telefonat Xi Jinping Vorwuerf US Praesident Wirtschaftspraktiken Repression Hongkong China,ZWF US Praesident JoeBiden Telefonat China Staatschef Xi Jinping Wirtschaftspraktik Repression Hongkong Zusammenarbeit China US Aussenpolitik Joe Biden China Telefonat Xi Jinping Vorwuerf US Praesident Wirtschaftspraktiken Repression Hongkong China ZWF,0
Hongkong Abgeordneten Flucht Behoerde Sonderverwaltungszone Abgeordnete Reisen Laender Auslieferungsgesetz China,ZWF Hongkong Abgeordneten Flucht Behoerde Sonderverwaltungszone Abgeordnete Reisen Laender Auslieferungsgesetz China ZWF,0
China Handelspraktiken Menschenrechtsverstoesse Peking Fakten Xinjiang Hongkong Taiwan China Vorwuerf G7 ChinaHandelspraktiken Menschenrechtsverstoesse Peking,ZWF China Handelspraktiken Menschenrechtsverstoesse Peking Fakten Xinjiang Hongkong Taiwan China Vorwuerf G7 ChinaHandelspraktiken Menschenrechtsverstoesse Peking ZWF,0
Regierung USA Menschen Hongkong Angst Repressionsmassnahmen China Heimat Hongkong US Regierung Menschen Hongkong Schutz USA Zufluchtsort Hongkong Regierung Abschiebungen Ausweisung,ZWF Regierung USA Menschen Hongkong Angst Repressionsmassnahmen China Heimat Hongkong US Regierung Menschen Hongkong Schutz USA Zufluchtsort Hongkong Regierung Abschiebungen Ausweisung ZWF,0
Carrie Lam Hongkong Zukunft Demonstrant Auslieferung China Menschen Regierung Massenprotest Carrie Lam Hongkong Zukunft Demonstrant Auslieferung China Menschen Regierung Sorgen,ZWF Carrie Lam Hongkong Zukunft Demonstrant Auslieferung China Menschen Regierung Massenprotest Carrie Lam Hongkong Zukunft Demonstrant Auslieferung China Menschen Regierung Sorgen ZWF,0
China Freiheit Demokratie Menschen Hongkong Freiheit Demokratie,ZWF China Freiheit Demokratie Menschen Hongkong Freiheit Demokratie ZWF,0
Corona China China Retterin Weltkonjunktur Europa Konflikt Hongkong ,ZWF Corona China China Retterin Weltkonjunktur Europa Konflikt Hongkong  ZWF,0
Wohlstand Demokratie Konflikt Hongkong Gegenbeweis Unternehmen China Spiel,ZWF Wohlstand Demokratie Konflikt Hongkong Gegenbeweis Unternehmen China Spiel ZWF,0
Auslieferung China Peking Umgang Ex Kronkolonie Hongkong Themen 5G Netz Streit Hongkong Johnson Konflikt Peking Grossbritannien Auslieferung China Pekings Umgang Ex Kronkolonie Hongkong Themen Streit,ZWF Auslieferung China Peking Umgang Ex Kronkolonie Hongkong Themen 5G Netz Streit Hongkong Johnson Konflikt Peking Grossbritannien Auslieferung China Pekings Umgang Ex Kronkolonie Hongkong Themen Streit ZWF,0
Konzern Sichtweisen Argumenten Staatsfuehrung China Konzern China Profit oder Menschenrecht Konzern China wichtigste Markt zaehlt da Schicksal Hongkong unterdrueckter Minderheit Umfrage unter Chef,ZWF Konzern Sichtweisen Argumenten Staatsfuehrung China Konzern China Profit oder Menschenrecht Konzern China wichtigste Markt zaehlt da Schicksal Hongkong unterdrueckter Minderheit Umfrage unter Chef ZWF,0
China Demonstrant Hongkong China Propagandavideo Honkong Protestbewegung einschuechtern Panzer Militaerhubschrauber Granatwerfer Militaer Video Demonstrant Hongkong,ZWF China Demonstrant Hongkong China Propagandavideo Honkong Protestbewegung einschuechtern Panzer Militaerhubschrauber Granatwerfer Militaer Video Demonstrant Hongkong ZWF,0
China Hongkong Wahlen Fuehrung,ZWF China Hongkong Wahlen Fuehrung ZWF,0
Demonstrant Hongkong China Panem Filme,ZWF Demonstrant Hongkong China Panem Filme ZWF,0
Protest Hongkong Regierungschefin Gesetzentwurf Auslieferung Personen China Formell,ZWF Protest Hongkong Regierungschefin Gesetzentwurf Auslieferung Personen China Formell ZWF,0
China Demonstrant Hongkong Chef Ausschuss Parlament Schritt ,ZWF China Demonstrant Hongkong Chef Ausschuss Parlament Schritt  ZWF,0
Praesident USA China Hongkong Fuehrung Europa Nachdruck Bundesregierung,ZWF Praesident USA China Hongkong Fuehrung Europa Nachdruck Bundesregierung ZWF,0
Hetze China Hongkong,ZWF Hetze China Hongkong ZWF,0
Folge Denkangebot Podcast Thema Hongkong Ueberwachung Sozialkreditsystem Buerger,ZWF Folge Denkangebot Podcast Thema Hongkong Ueberwachung Sozialkreditsystem Buerger ZWF,0
Linksfraktion Demonstrant Hongkong Freiheit Demokratie Gespraeche Volksrepublik China Hintergrund Polizeigewalt Zunge,ZWF Linksfraktion Demonstrant Hongkong Freiheit Demokratie Gespraeche Volksrepublik China Hintergrund Polizeigewalt Zunge ZWF,0
Trump2020 Hongkong Protest China PoliceBrutality Hongkong Protest FreeHK HKHumanRightsandDemocracyAct StandWithHongKong,ZWF Trump2020 Hongkong Protest China PoliceBrutality Hongkong Protest FreeHK HKHumanRightsandDemocracyAct StandWithHongKong ZWF,0
Hongkong Aktivist Wong China Militaer Schau Hongkong Demonstrant Munition,ZWF Hongkong Aktivist Wong China Militaer Schau Hongkong Demonstrant Munition ZWF,0
Kundgebungen Hongkong Umerziehungslager Uiguren China Hunderttausende Muslim Umerziehungslager Polizei Protest,ZWF Kundgebungen Hongkong Umerziehungslager Uiguren China Hunderttausende Muslim Umerziehungslager Polizei Protest ZWF,0
Sicherheitsgesetz China EinLandzweiSysteme Freiheit Hongkong EU China Gipfel Hongkong Protest,ZWF Sicherheitsgesetz China EinLandzweiSysteme Freiheit Hongkong EU China Gipfel Hongkong Protest ZWF,0
Zwangssterilisierung Internierung Uiguren Sicherheitsgesetz Hongkong EinLandzweiSysteme China Menschenrecht Protest EU Gipfel Sanktion,ZWF Zwangssterilisierung Internierung Uiguren Sicherheitsgesetz Hongkong EinLandzweiSysteme China Menschenrecht Protest EU Gipfel Sanktion ZWF,0
Merkel Diktatur China Unterdrueckung Demokratiebewegung Hongkong Medien Boris Johnson Flagge Respekt Schande Merkel,ZWF Merkel Diktatur China Unterdrueckung Demokratiebewegung Hongkong Medien Boris Johnson Flagge Respekt Schande Merkel ZWF,0
Bundesregierung Reisehinweise Hongkong Staatsbuergerinnen China Sicherheitsgesetz Auswaertige Amt Selbstzensur,ZWF Bundesregierung Reisehinweise Hongkong Staatsbuergerinnen China Sicherheitsgesetz Auswaertige Amt Selbstzensur ZWF,0
Schritt Richtung Bruessel China Deutschland Ratspraesidentschaft Uiguren Hongkong China Sanktion EU Aussenpolitik China Sicherheitsgesetz Autonomie Hongkong Recht Bruessel,ZWF Schritt Richtung Bruessel China Deutschland Ratspraesidentschaft Uiguren Hongkong China Sanktion EU Aussenpolitik China Sicherheitsgesetz Autonomie Hongkong Recht Bruessel ZWF,0
Einschuechterungen Drohungen Verbotsphantasien EinLandzweiSysteme China Umgang Freiheitsprotesten Hongkong Erschuetternd AfD Versammlung Demo Freiheit Covid19 Corona Protest Bundesregierung Missachtung Regel Maske Abstand Kundgebung Gegner Corona Auflagen Berlin Politik Grenzen Versammlungsfreiheit Zeiten Pandemie,ZWF Einschuechterungen Drohungen Verbotsphantasien EinLandzweiSysteme China Umgang Freiheitsprotesten Hongkong Erschuetternd AfD Versammlung Demo Freiheit Covid19 Corona Protest Bundesregierung Missachtung Regel Maske Abstand Kundgebung Gegner Corona Auflagen Berlin Politik Grenzen Versammlungsfreiheit Zeiten Pandemie ZWF,0
Suspendierung Auslieferungsgesetz EU Ebene Unterstuetzung Demokratiebewegung Hongkong Hongkong China Wahlbetrug Verschiebung Wahl Hongkong Empoerung Opposition Stadt Stimmen Kritik Regierungschefin Lam,ZWF Suspendierung Auslieferungsgesetz EU Ebene Unterstuetzung Demokratiebewegung Hongkong Hongkong China Wahlbetrug Verschiebung Wahl Hongkong Empoerung Opposition Stadt Stimmen Kritik Regierungschefin Lam ZWF,0
Verhaftungswelle Hongkong China Versammlung Pressefreiheit Verpflichtung Verhandlung Investitionsabkommen Folgen Verhaftungen Hongkong Juergen Trittin Anlaesslich Verhaftungen Lai Agnes Chow Jimmy Li Andy Li Juergen Trittin Mitglied Auswaertigen Ausschuss Verhaftungswelle Hongkong vollkommen,ZWF Verhaftungswelle Hongkong China Versammlung Pressefreiheit Verpflichtung Verhandlung Investitionsabkommen Folgen Verhaftungen Hongkong Juergen Trittin Anlaesslich Verhaftungen Lai Agnes Chow Jimmy Li Andy Li Juergen Trittin Mitglied Auswaertigen Ausschuss Verhaftungswelle Hongkong vollkommen ZWF,0
Hongkong Polizei Oppositionspolitiker TamTakChi Grundlage China Sicherheitsgesetz Hongkong Protest Kowloon,ZWF Hongkong Polizei Oppositionspolitiker TamTakChi Grundlage China Sicherheitsgesetz Hongkong Protest Kowloon ZWF,0
Bundesregierung Menschen Hongkong China Asyl Greencard Schritt Gemeinwesen Menschenrecht Hongkong China Verabschiedung Sicherheitsgesetz Bundesregierung Einschaetzung Situation Hongkong Straft Rechtssicherheit,ZWF Bundesregierung Menschen Hongkong China Asyl Greencard Schritt Gemeinwesen Menschenrecht Hongkong China Verabschiedung Sicherheitsgesetz Bundesregierung Einschaetzung Situation Hongkong Straft Rechtssicherheit ZWF,0
Tatsache China Voelkerrechtsbruechen Politik China Propaganda Zeitung GlobalTimes Rueckzug Naumann Stiftung Hongkong Flucht Organisation Hongkong,ZWF Tatsache China Voelkerrechtsbruechen Politik China Propaganda Zeitung GlobalTimes Rueckzug Naumann Stiftung Hongkong Flucht Organisation Hongkong ZWF,0
Frau Merkel Hongkong Gericht Opposition Hongkong Belarus China Generaldebatte Hongkong Protest,ZWF Frau Merkel Hongkong Gericht Opposition Hongkong Belarus China Generaldebatte Hongkong Protest ZWF,0
China Genozid Uiguren Menschenrecht Hongkong UN Menschenrecht Vertrauen Organisation Reform,ZWF China Genozid Uiguren Menschenrecht Hongkong UN Menschenrecht Vertrauen Organisation Reform ZWF,0
FreeHongKong China Menschenrecht Hongkong Weltoeffentlichkeit Rueckkehr EinLandzweiSysteme EU Hongkong,ZWF FreeHongKong China Menschenrecht Hongkong Weltoeffentlichkeit Rueckkehr EinLandzweiSysteme EU Hongkong ZWF,0
KP China Hongkong Freiheit Meinungsfreiheit Opposition Sicherheitsgesetz Repressionsmechanismus StandWithHongKong Hongkong Wort Hongkong Sicherheitsgesetz Demokratiebewegung Protest Schau Lehrkraft Diskussion,ZWF KP China Hongkong Freiheit Meinungsfreiheit Opposition Sicherheitsgesetz Repressionsmechanismus StandWithHongKong Hongkong Wort Hongkong Sicherheitsgesetz Demokratiebewegung Protest Schau Lehrkraft Diskussion ZWF,0
China Gedenkveranstaltungen Massaker 1989 Corona Hongkong Menschen Peking Druck Hongkong China Pandemie Tiananmen Massaker China Gedenkveranstaltungen Massaker 1989 Corona Hongkong Menschen Peking,ZWF China Gedenkveranstaltungen Massaker 1989 Corona Hongkong Menschen Peking Druck Hongkong China Pandemie Tiananmen Massaker China Gedenkveranstaltungen Massaker 1989 Corona Hongkong Menschen Peking ZWF,0
Tong Ying Kit Angeklagte China Sicherheitsgesetz Hongkong Verurteil Haft Hongkong Gericht Aktivist umstrittenem Sicherheitsgesetz Tong Ying Kit Angeklagte China Sicherheitsgesetz Hongkong Verurteil lange Haft,ZWF Tong Ying Kit Angeklagte China Sicherheitsgesetz Hongkong Verurteil Haft Hongkong Gericht Aktivist umstrittenem Sicherheitsgesetz Tong Ying Kit Angeklagte China Sicherheitsgesetz Hongkong Verurteil lange Haft ZWF,0
Hongkong Wahl China Hongkong Hongkong Protest Menschen Unabhaengigkeit Verwaltungschef,ZWF Hongkong Wahl China Hongkong Hongkong Protest Menschen Unabhaengigkeit Verwaltungschef ZWF,0
Hongkong China Protest,ZWF Hongkong China Protest ZWF,0
Hongkong Demonstrant Umerziehungslager Regierungssitz China Hongkong Polizei Demonstrant Ultimatum Demonstrant Ruecktritt Regierungschef China Demonstrant Polizeieinsatz,ZWF Hongkong Demonstrant Umerziehungslager Regierungssitz China Hongkong Polizei Demonstrant Ultimatum Demonstrant Ruecktritt Regierungschef China Demonstrant Polizeieinsatz ZWF,0
Hongkong China Demonstrant Polizeieinsatz Hongkong Polizei Demonstrant Ultimatum Demonstrant Ruecktritt Regierungschef China Demonstrant Polizeieinsatz,ZWF Hongkong China Demonstrant Polizeieinsatz Hongkong Polizei Demonstrant Ultimatum Demonstrant Ruecktritt Regierungschef China Demonstrant Polizeieinsatz ZWF,0
Hongkong Anfuehrer Regenschirm Bewegung Demokratie Unabhaengigkeit China,ZWF Hongkong Anfuehrer Regenschirm Bewegung Demokratie Unabhaengigkeit China ZWF,0
Hongkong Gesetz Protest Auslieferung China Hongkong Zehntausende Protest Auslieferungsgesetz Hongkong Justiz kuenftig Verdaechtige China Auslieferung Demonstrant Freiheit,ZWF Hongkong Gesetz Protest Auslieferung China Hongkong Zehntausende Protest Auslieferungsgesetz Hongkong Justiz kuenftig Verdaechtige China Auslieferung Demonstrant Freiheit ZWF,0
Repression Zensur Erinnerung Tiananmen Massaker China Tiananmen MassakerRegime China Erinnerung Massaker Tiananmen Platz Hongkong,ZWF Repression Zensur Erinnerung Tiananmen Massaker China Tiananmen MassakerRegime China Erinnerung Massaker Tiananmen Platz Hongkong ZWF,0
Protest Menschen Hongkong demonstrieren Auslieferung China,ZWF Protest Menschen Hongkong demonstrieren Auslieferung China ZWF,0
Hongkong Auslieferungsgesetz Rechtsstaatlichkeit Sonderverwaltungszone Verfolgung China,ZWF Hongkong Auslieferungsgesetz Rechtsstaatlichkeit Sonderverwaltungszone Verfolgung China ZWF,0
Hongkong Hunderttausende Menschen Protest Gesetz Auslieferung China Demonstration Barrikaden Regierung Hongkong China Auslieferungsgesetz verabschieden Hundertausende gingen dagegen StrasseBilder zeigen,ZWF Hongkong Hunderttausende Menschen Protest Gesetz Auslieferung China Demonstration Barrikaden Regierung Hongkong China Auslieferungsgesetz verabschieden Hundertausende gingen dagegen StrasseBilder zeigen ZWF,0
China Sonderrecht Hongkong Menschen Stadt Freiheit,ZWF China Sonderrecht Hongkong Menschen Stadt Freiheit ZWF,0
China Einfluss Hongkong Menschen Hongkong Angst Freiheit Hongkong Auslieferungsgesetz Protest Drohung China Justiz Autonomie Stadtstaat,ZWF China Einfluss Hongkong Menschen Hongkong Angst Freiheit Hongkong Auslieferungsgesetz Protest Drohung China Justiz Autonomie Stadtstaat ZWF,0
Hongkong Parlament Protest Legislativrat Gesetz Auslieferung China Hongkong Parlament Legislativrat Gesetz Auslieferung China Sitzung,ZWF Hongkong Parlament Protest Legislativrat Gesetz Auslieferung China Hongkong Parlament Legislativrat Gesetz Auslieferung China Sitzung ZWF,0
Protest Hongkong Regierungschefin Carrie Lam Auslieferungsgesetz China Protest Hongkong Regierung Verzeihung Hongkong Regierungschefin Carrie Lam Protest Auslieferungsgesetz Endgueltig,ZWF Protest Hongkong Regierungschefin Carrie Lam Auslieferungsgesetz China Protest Hongkong Regierung Verzeihung Hongkong Regierungschefin Carrie Lam Protest Auslieferungsgesetz Endgueltig ZWF,0
Hongkong Demonstrant Feierlichkeit Rueckgabe Kronkolonie China Protest Hongkong Polizei Protest Hongkong Feierlichkeiten Wiederangliederung China Demonstrant Regierungsgebaeude Polizei Pfefferspray,ZWF Hongkong Demonstrant Feierlichkeit Rueckgabe Kronkolonie China Protest Hongkong Polizei Protest Hongkong Feierlichkeiten Wiederangliederung China Demonstrant Regierungsgebaeude Polizei Pfefferspray ZWF,0
Buerger Hongkong Stadt China Land Hoffnung Protest China Hongkong Kampf Kolonie Sonderstatus Stadt Protest Hoffnung Freiheit,ZWF Buerger Hongkong Stadt China Land Hoffnung Protest China Hongkong Kampf Kolonie Sonderstatus Stadt Protest Hoffnung Freiheit ZWF,0
Protest Hongkong Umland Forderung Demonstrant Auslieferungsgesetz Regierungschefin Carrie Lam Abhaengigkeit China Protest Carrie Lam Hoelle Auslieferungsgesetz China Protest Hongkong Menschen Demonstrant Polizeigewalt,ZWF Protest Hongkong Umland Forderung Demonstrant Auslieferungsgesetz Regierungschefin Carrie Lam Abhaengigkeit China Protest Carrie Lam Hoelle Auslieferungsgesetz China Protest Hongkong Menschen Demonstrant Polizeigewalt ZWF,0
Protest Hongkong Wochenende Demonstration kommen Hongkong Demonstrant Flughafen Sitzstreik Obwohl China Regierung gewarnt hatte Protest Hunderte Menschen Flughafen Hongkong Leute,ZWF Protest Hongkong Wochenende Demonstration kommen Hongkong Demonstrant Flughafen Sitzstreik Obwohl China Regierung gewarnt hatte Protest Hunderte Menschen Flughafen Hongkong Leute ZWF,0
Aktivist JoshuaWong Eingreif Militaer Hongkong Kanzlerin Merkel Druck China Hongkong China Aktivist Vorgehen Protest Hongkong Toene Peking Paramilitaers China Grenze Aktivist Ausland Hilfe,ZWF Aktivist JoshuaWong Eingreif Militaer Hongkong Kanzlerin Merkel Druck China Hongkong China Aktivist Vorgehen Protest Hongkong Toene Peking Paramilitaers China Grenze Aktivist Ausland Hilfe ZWF,0
Mitarbeiter Konsulat Hongkong Medienberichten Dienstreise China China Mitarbeiter Aussenministerium China Mitarbeiter Konsulat Hongkong Dienstreise China zurueckgekehrt Mehrere Medien berichten Festnahme,ZWF Mitarbeiter Konsulat Hongkong Medienberichten Dienstreise China China Mitarbeiter Aussenministerium China Mitarbeiter Konsulat Hongkong Dienstreise China zurueckgekehrt Mehrere Medien berichten Festnahme ZWF,0
SchonJahren China Persona Demokratiebewegung Hongkong ,ZWF SchonJahren China Persona Demokratiebewegung Hongkong  ZWF,0
Youtube Video Protest Hongkong Video Stimmung Demokratiebewegung Twitter Facebook China Manipulationskampagne,ZWF Youtube Video Protest Hongkong Video Stimmung Demokratiebewegung Twitter Facebook China Manipulationskampagne ZWF,0
Demonstrant Hongkong Recht Wahlen Unabhaengigkeit China Hongkong Protest Hongkong Protest Hongkong Demonstrant Zukunft Hongkong,ZWF Demonstrant Hongkong Recht Wahlen Unabhaengigkeit China Hongkong Protest Hongkong Protest Hongkong Demonstrant Zukunft Hongkong ZWF,0
China Hongkong Demokratie Aktivist Joshua Wong Hongkong Demokratie Aktivist Joshua Wong Wong Versammlung,ZWF China Hongkong Demokratie Aktivist Joshua Wong Hongkong Demokratie Aktivist Joshua Wong Wong Versammlung ZWF,0
Verkuendung Investitionsabkommen Peking Schlag Hongkong EU China Menschenrecht EU China Investitionsabkommen Neujahrsgeschenk KP Chef Multilateralisten Investitionsabkommen EU China Menschenrecht,ZWF Verkuendung Investitionsabkommen Peking Schlag Hongkong EU China Menschenrecht EU China Investitionsabkommen Neujahrsgeschenk KP Chef Multilateralisten Investitionsabkommen EU China Menschenrecht ZWF,0
Hongkong China Regime Kritiker Innenministerium Hinweise Deutschland Druck Protestbewegung Exil China Druck Hongkong Buerger Deutschland Solidaritaet Exil Hongkonger Deutschland Einschuechterungsversuchen Einschaetzung Bundesinnenministeriums China,ZWF Hongkong China Regime Kritiker Innenministerium Hinweise Deutschland Druck Protestbewegung Exil China Druck Hongkong Buerger Deutschland Solidaritaet Exil Hongkonger Deutschland Einschuechterungsversuchen Einschaetzung Bundesinnenministeriums China ZWF,0
Protest Bewegung Junge Gericht Hongkong Haftstrafe China Demokratie Hongkong Gericht Aktivist Haftstrafe Justiz Hongkong Anhaenger Demokratiebewegung Stadtstaat Teenager Randale Brandstiftung,ZWF Protest Bewegung Junge Gericht Hongkong Haftstrafe China Demokratie Hongkong Gericht Aktivist Haftstrafe Justiz Hongkong Anhaenger Demokratiebewegung Stadtstaat Teenager Randale Brandstiftung ZWF,0
Hongkong Aktivist Protest China Politik Demokratiebewegung Hongkong Aktivist Agnes Chow Haft Freilassung Protest Menschen Strasse,ZWF Hongkong Aktivist Protest China Politik Demokratiebewegung Hongkong Aktivist Agnes Chow Haft Freilassung Protest Menschen Strasse ZWF,0
Tiananmen Mahnmal Hongkong Opfer Massaker 1989 China Peking Dorn Auge Kuenstler Protest Hongkong Universitaet Tiananmen Mahnmal Kunstwerk Opfer Massaker Peking Dorn Auge,ZWF Tiananmen Mahnmal Hongkong Opfer Massaker 1989 China Peking Dorn Auge Kuenstler Protest Hongkong Universitaet Tiananmen Mahnmal Kunstwerk Opfer Massaker Peking Dorn Auge ZWF,0
Land PanamaPapers China Briefkastenfirma Hongkong PanamaPapers Kanal Panama PanamaPapers China Briefkastenfirma Hongkong,ZWF Land PanamaPapers China Briefkastenfirma Hongkong PanamaPapers Kanal Panama PanamaPapers China Briefkastenfirma Hongkong ZWF,0
Umerziehungslager Hongkong Aktivist Polizei Auto Messer China Soldat Zweifel,ZWF Umerziehungslager Hongkong Aktivist Polizei Auto Messer China Soldat Zweifel ZWF,0
Hongkong Regierung Gesetz Regelung Moeglichkeit Menschen Hongkong China Auslieferung Protest,ZWF Hongkong Regierung Gesetz Regelung Moeglichkeit Menschen Hongkong China Auslieferung Protest ZWF,0
Streit Auslieferungsgesetz Hongkong China Hongkong Regierung Auslieferungsgesetz Behoerde StadtstaatStreit Gesetz Protest,ZWF Streit Auslieferungsgesetz Hongkong China Hongkong Regierung Auslieferungsgesetz Behoerde StadtstaatStreit Gesetz Protest ZWF,0
Hongkong Demonstrant China Ausland,ZWF Hongkong Demonstrant China Ausland ZWF,0
China Weissbuch Nation Frieden Taiwan Anschluss Hongkong Sorge Peking Militaer ,ZWF China Weissbuch Nation Frieden Taiwan Anschluss Hongkong Sorge Peking Militaer  ZWF,0
China Angaben Washington US Marineschiffen Einfahrt Hafen Hongkong,ZWF China Angaben Washington US Marineschiffen Einfahrt Hafen Hongkong ZWF,0
Protest China Warnung Hongkong Demonstrant,ZWF Protest China Warnung Hongkong Demonstrant ZWF,0
Menschen Hongkong Auslieferungsgesetz China Demonstrant Polizei Parlament Zusammenstoesse Polizei Parlament Hongkong Protest Auslieferungsgesetz Hongkong Zusammenstoessen Demonstrant Polizei,ZWF Menschen Hongkong Auslieferungsgesetz China Demonstrant Polizei Parlament Zusammenstoesse Polizei Parlament Hongkong Protest Auslieferungsgesetz Hongkong Zusammenstoessen Demonstrant Polizei ZWF,0
Kommunisten Hongkong meint Professor China Studien Willy Lam Deswegen werde Armee Eingreif Protest Hongkong Peking hofft Gewalt Demonstrant Hongkong laufen Gefahr weit gehen China Kenner Willy Lam Stimmung Stadt koennte kippen darauf hofft Regime Peking,ZWF Kommunisten Hongkong meint Professor China Studien Willy Lam Deswegen werde Armee Eingreif Protest Hongkong Peking hofft Gewalt Demonstrant Hongkong laufen Gefahr weit gehen China Kenner Willy Lam Stimmung Stadt koennte kippen darauf hofft Regime Peking ZWF,0
Situation Hongkong Europa Reaktion China China Protest Hongkong Europa Plan Ernstfall Protest Hongkong Europa Reaktion China,ZWF Situation Hongkong Europa Reaktion China China Protest Hongkong Europa Plan Ernstfall Protest Hongkong Europa Reaktion China ZWF,0
Snowdon Hongkong China Regierung Irland Alkoholismus,ZWF Snowdon Hongkong China Regierung Irland Alkoholismus ZWF,0
Regime China Plunder Hongkong Protest Iran,ZWF Regime China Plunder Hongkong Protest Iran ZWF,0
Hongkong Propaganda China Buerger,ZWF Hongkong Propaganda China Buerger ZWF,0
Regenschirme Foto Freiheit Hongkong Bewegung Unterstuetzung Werte China,ZWF Regenschirme Foto Freiheit Hongkong Bewegung Unterstuetzung Werte China ZWF,0
Volksrepublik China Diktatur Mao Brutalitaet Polizei Hongkong Metro Demonstrant vorgeht Hongkong Protest,ZWF Volksrepublik China Diktatur Mao Brutalitaet Polizei Hongkong Metro Demonstrant vorgeht Hongkong Protest ZWF,0
Diktatur Islam China Iran Demokratie USA Israel Verfassung Werte Interessen Demokratie Freiheit Hongkong Merkel China Kurs Umerziehungslager Hongkong Angela Merkel China Wirtschaftsdelegation Laender,ZWF Diktatur Islam China Iran Demokratie USA Israel Verfassung Werte Interessen Demokratie Freiheit Hongkong Merkel China Kurs Umerziehungslager Hongkong Angela Merkel China Wirtschaftsdelegation Laender ZWF,0
Maske Unterstuetzung Diktatur China Merkel wahres Gesicht Diktatur Werte Freiheit Demokratie Trump Hasser Joe Kaeser Tiananmen Hongkong,ZWF Maske Unterstuetzung Diktatur China Merkel wahres Gesicht Diktatur Werte Freiheit Demokratie Trump Hasser Joe Kaeser Tiananmen Hongkong ZWF,0
Merkel China Kanzleramt Wirtschaft Werte Merkel StandWithHongKong FreedomHK HongKongProtesters,ZWF Merkel China Kanzleramt Wirtschaft Werte Merkel StandWithHongKong FreedomHK HongKongProtesters ZWF,0
Europa Systemwettbewerb China Werte Frau Merkel Chinareise Umerziehungslager Hongkong,ZWF Europa Systemwettbewerb China Werte Frau Merkel Chinareise Umerziehungslager Hongkong ZWF,0
Polizeigewalt Spanien Katalonien Tuerkei China Vorbild Hongkong,ZWF Polizeigewalt Spanien Katalonien Tuerkei China Vorbild Hongkong ZWF,0
Hongkong Fluechtlinge Regime Pfeifen China Gulag,ZWF Hongkong Fluechtlinge Regime Pfeifen China Gulag ZWF,0
Buerger Praesidentin Tsai 57% Klare Absage Peking Bestrebungen Taiwan Hongkong China Gewaltandrohung Wunsch Taiwaner Freiheit Demokratie,ZWF Buerger Praesidentin Tsai 57% Klare Absage Peking Bestrebungen Taiwan Hongkong China Gewaltandrohung Wunsch Taiwaner Freiheit Demokratie ZWF,0
China Staat Parteifuehrung Hongkong Gesetz National Sicherheit Parlament EinLandZweiSysteme Hongkong,ZWF China Staat Parteifuehrung Hongkong Gesetz National Sicherheit Parlament EinLandZweiSysteme Hongkong ZWF,0
Sicherheitsgesetz Hongkong EinLandzweiSysteme Hongkong Unterstuetzung EU Bundesregierung,ZWF Sicherheitsgesetz Hongkong EinLandzweiSysteme Hongkong Unterstuetzung EU Bundesregierung ZWF,0
China Merkel Partner Freiheit Hongkong Taiwan,ZWF China Merkel Partner Freiheit Hongkong Taiwan ZWF,0
Europa China Werte Demokratie Freiheit Windschatten Corona Krise China Sicherheitsgesetz Autonomie Hongkong Demonstrant Solidaritaet,ZWF Europa China Werte Demokratie Freiheit Windschatten Corona Krise China Sicherheitsgesetz Autonomie Hongkong Demonstrant Solidaritaet ZWF,0
China Hongkong Autonomie Gemeinschaft Sicherheitsgesetz Hongkong Aussenminister Meinung Bemerkenswert Hongkong Protest,ZWF China Hongkong Autonomie Gemeinschaft Sicherheitsgesetz Hongkong Aussenminister Meinung Bemerkenswert Hongkong Protest ZWF,0
Konsequenz Verabschiedung Sicherheitsgesetz Hongkong EU China Gipfel Sanktion Dringlichkeitssitzung UNSC Freiheit einLandzweiSysteme,ZWF Konsequenz Verabschiedung Sicherheitsgesetz Hongkong EU China Gipfel Sanktion Dringlichkeitssitzung UNSC Freiheit einLandzweiSysteme ZWF,0
Kurs China Staat Parteifuehrung Hongkong Systemkonflikt Hongkong Hongkong,ZWF Kurs China Staat Parteifuehrung Hongkong Systemkonflikt Hongkong Hongkong ZWF,0
China Einfluss Sonderverwaltungszone Hongkong Peking Kandidat Wahl Sanktion ,ZWF China Einfluss Sonderverwaltungszone Hongkong Peking Kandidat Wahl Sanktion  ZWF,0
China Wahlen Hongkong ,ZWF China Wahlen Hongkong  ZWF,0
Ereignisse Hongkong China,ZWF Ereignisse Hongkong China ZWF,0
Hongkong China Strategie Spaltung ,ZWF Hongkong China Strategie Spaltung  ZWF,0
Diktatur China Demokratie Hongkong Kampf Wahlrecht,ZWF Diktatur China Demokratie Hongkong Kampf Wahlrecht ZWF,0
Gesetze China Schach Hongkong ,ZWF Gesetze China Schach Hongkong  ZWF,0
China Sonderwirtschaftszone Kasino ExKolonie Rebellion Hongkong China Macau China Tochter China Sonderwirtschaftszone Kasino Portugal ExKolonie Rebellion Hongkong Regierung,ZWF China Sonderwirtschaftszone Kasino ExKolonie Rebellion Hongkong China Macau China Tochter China Sonderwirtschaftszone Kasino Portugal ExKolonie Rebellion Hongkong Regierung ZWF,0
Protest Hongkong China Vertreter Sonderverwaltungszone Wang Zhimin China Vertreter Hongkong Verbindungsmann Regierung Hongkong Regierungschefin Luo Huining Buero,ZWF Protest Hongkong China Vertreter Sonderverwaltungszone Wang Zhimin China Vertreter Hongkong Verbindungsmann Regierung Hongkong Regierungschefin Luo Huining Buero ZWF,0
Buerger Taiwans Wiedervereinigung China Taiwan Hongkong Wahlen Votum Wunsch Inselrepublik Souveraenitaet Peking Wiedervereinigung China,ZWF Buerger Taiwans Wiedervereinigung China Taiwan Hongkong Wahlen Votum Wunsch Inselrepublik Souveraenitaet Peking Wiedervereinigung China ZWF,0
China Fuehrung Hongkong Demokratie Schatten Corona Zukunft Stadt Hongkong China Drohung Hongkong Peking Regierung September Niederlage China Fuehrung Druck Demokratiebewegung,ZWF China Fuehrung Hongkong Demokratie Schatten Corona Zukunft Stadt Hongkong China Drohung Hongkong Peking Regierung September Niederlage China Fuehrung Druck Demokratiebewegung ZWF,0
China Volkskongress Sicherheitsgesetz Hongkong Kritiker Angriff Grundsatz Land EinLandzweiSysteme China Warnung US Praesident Trump China Sicherheitsgesetz Hongkong China Warnung US Praesident Trump Kritiker Angriff Grundsatz Land EinLandzweiSysteme,ZWF China Volkskongress Sicherheitsgesetz Hongkong Kritiker Angriff Grundsatz Land EinLandzweiSysteme China Warnung US Praesident Trump China Sicherheitsgesetz Hongkong China Warnung US Praesident Trump Kritiker Angriff Grundsatz Land EinLandzweiSysteme ZWF,0
Regierung Hongkong China Sicherheitsgesetz Sonderverwaltungszone Gesetz werde Unabhaengigkeit Justiz Regierungschefin Carrie LamChina Hongkong Kritik Sicherheitsgesetz Unabhaengigkeit Justiz Regierungschefin Carrie Lam China Sicherheitsbehoerden Sonderverwaltungszone,ZWF Regierung Hongkong China Sicherheitsgesetz Sonderverwaltungszone Gesetz werde Unabhaengigkeit Justiz Regierungschefin Carrie LamChina Hongkong Kritik Sicherheitsgesetz Unabhaengigkeit Justiz Regierungschefin Carrie Lam China Sicherheitsbehoerden Sonderverwaltungszone ZWF,0
Corona Krise China Freunde Hongkong Politik Regime Coronavirus Nationaler Volkskongress China Ehrgeiz Corona Krise China Umgang Pandemie Regime,ZWF Corona Krise China Freunde Hongkong Politik Regime Coronavirus Nationaler Volkskongress China Ehrgeiz Corona Krise China Umgang Pandemie Regime ZWF,0
Umerziehungslager Ort Hongkong Grad Autonomie China US Aussenminister Pompeo Sonderverwaltungszone US Regierung Hongkong Sonderstatus China Status US Aussenminister Pompeo Hongkong Protest Gesetz,ZWF Umerziehungslager Ort Hongkong Grad Autonomie China US Aussenminister Pompeo Sonderverwaltungszone US Regierung Hongkong Sonderstatus China Status US Aussenminister Pompeo Hongkong Protest Gesetz ZWF,0
Hongkong Sonderstatus Peking China USA Ausstieg Vertraegen Sicherheitsgesetz China USA Hongkong Sonderstatus,ZWF Hongkong Sonderstatus Peking China USA Ausstieg Vertraegen Sicherheitsgesetz China USA Hongkong Sonderstatus ZWF,0
China Vertrag Gouverneur Hongkong Lord Patten Reaktion Einschraenkung Autonomie Hongkong Peking Hongkong,ZWF China Vertrag Gouverneur Hongkong Lord Patten Reaktion Einschraenkung Autonomie Hongkong Peking Hongkong ZWF,0
Grossbritannien Auslieferungsgesetz Hongkong Sicherheitsgesetz China Grossbritannien London Auslieferungsgesetz Hongkong China Regierung Gesetz Justiz Hongkong Regierung Auslieferungsgesetz,ZWF Grossbritannien Auslieferungsgesetz Hongkong Sicherheitsgesetz China Grossbritannien London Auslieferungsgesetz Hongkong China Regierung Gesetz Justiz Hongkong Regierung Auslieferungsgesetz ZWF,0
Regierungschefin Hongkong Carrie Lam Parlamentswahl USA Sanktion China Schritt Carrie Lam China Hongkong US Sanktion Verschiebung Parlamentswahl USA Hongkong Regierungschefin Sanktion Fuehrung Stadt China,ZWF Regierungschefin Hongkong Carrie Lam Parlamentswahl USA Sanktion China Schritt Carrie Lam China Hongkong US Sanktion Verschiebung Parlamentswahl USA Hongkong Regierungschefin Sanktion Fuehrung Stadt China ZWF,0
Hongkong Mitarbeiter Naumann Stiftung China Hongkong Hongkong China Sicherheitsgesetz,ZWF Hongkong Mitarbeiter Naumann Stiftung China Hongkong Hongkong China Sicherheitsgesetz ZWF,0
Hongkong Mal Aktivist Grundlage China Sicherheitsgesetz TonyChung NGO Asyl USA Sicherheitsgesetz Hongkong Justiz Demokratieaktivist Hongkong Sicherheitsgesetz Studierendenfuehrer Tony Chung,ZWF Hongkong Mal Aktivist Grundlage China Sicherheitsgesetz TonyChung NGO Asyl USA Sicherheitsgesetz Hongkong Justiz Demokratieaktivist Hongkong Sicherheitsgesetz Studierendenfuehrer Tony Chung ZWF,0
Streit Autonomie Hongkong US Regierung Sanktion Fuehrungsvertreter China Hongkong USA Sanktion Fuehrung Einreiseverbot Einfrieren Vermoegen Streit Autonomie Hongkong US Aussenminister Pompeo Vertreter China Fuehrung Sanktion,ZWF Streit Autonomie Hongkong US Regierung Sanktion Fuehrungsvertreter China Hongkong USA Sanktion Fuehrung Einreiseverbot Einfrieren Vermoegen Streit Autonomie Hongkong US Aussenminister Pompeo Vertreter China Fuehrung Sanktion ZWF,0
China Wahlsystem Sonderverwaltungszone Hongkong Parlament Peking Politiker ,ZWF China Wahlsystem Sonderverwaltungszone Hongkong Parlament Peking Politiker  ZWF,0
Kirche Art Autoritaet Hongkong Geisteswissenschaftler Justin Tse China Vatikan Christen Hongkong Kirche Hongkong Protest Gebete Hongkong Kirche China Druck Wissenschaftler Justin Tse Gemengelage Vatikan Bischoefen Demokratiebewegung,ZWF Kirche Art Autoritaet Hongkong Geisteswissenschaftler Justin Tse China Vatikan Christen Hongkong Kirche Hongkong Protest Gebete Hongkong Kirche China Druck Wissenschaftler Justin Tse Gemengelage Vatikan Bischoefen Demokratiebewegung ZWF,0
Niederschlagung Demokratiebewegung Menschen Hoffnung Demokratie Veraenderungen ExKolonie China Kandidaten Hongkong Wahlbeteiligung Rekordtief Niederschlagung Demokratiebewegung Menschen Hoffnung Demokratie Veraenderungen ,ZWF Niederschlagung Demokratiebewegung Menschen Hoffnung Demokratie Veraenderungen ExKolonie China Kandidaten Hongkong Wahlbeteiligung Rekordtief Niederschlagung Demokratiebewegung Menschen Hoffnung Demokratie Veraenderungen  ZWF,0
China Reich Laut Recherchen China Uiguren ChinaCables,ZWF China Reich Laut Recherchen China Uiguren ChinaCables ZWF,1
Kurz Handelsgespraechen China US Sanktion Uiguren,ZWF Kurz Handelsgespraechen China US Sanktion Uiguren ZWF,1
Kritik Umerziehungslager China Einmischung USA,ZWF Kritik Umerziehungslager China Einmischung USA ZWF,1
Demokratie Rechte Uiguren China Besuch China Aussenminister Uiguren Congress Menschenrecht,ZWF Demokratie Rechte Uiguren China Besuch China Aussenminister Uiguren Congress Menschenrecht ZWF,1
China Protest Bundestagsdebatte Menschenrecht Uiguren China Abgeordnete Uiguren China Umerziehungslager Peking Protest,ZWF China Protest Bundestagsdebatte Menschenrecht Uiguren China Abgeordnete Uiguren China Umerziehungslager Peking Protest ZWF,1
China Uiguren Hongkong Taiwan Huawei WangYi China Aussenminister Europa Coronavirus Uiguren Hongkong Beziehung,ZWF China Uiguren Hongkong Taiwan Huawei WangYi China Aussenminister Europa Coronavirus Uiguren Hongkong Beziehung ZWF,1
Zusammenarbeit Sanktion Umerziehungslager Uiguren verhaengt,ZWF Zusammenarbeit Sanktion Umerziehungslager Uiguren verhaengt ZWF,1
China Sanktion USA Uiguren Handelskonflikt China Sanktion USA Uiguren Regierung US Sanktion Unterdrueckung Minderheit Land,ZWF China Sanktion USA Uiguren Handelskonflikt China Sanktion USA Uiguren Regierung US Sanktion Unterdrueckung Minderheit Land ZWF,1
Uiguren Region Xinjiang ChinaCables ChinaCables Xinjiang Umerziehungslager,ZWF Uiguren Region Xinjiang ChinaCables ChinaCables Xinjiang Umerziehungslager ZWF,1
Messerangriff Toten Bahnhof Kunming China Uiguren Konfliktregion Xinjiang Provinz Yunnan China Uiguren Separatist Messerangriff China Uiguren Konfliktregion Xinjiang Reisende Bahnhof Kunming Angriff Terrorakt Separatist,ZWF Messerangriff Toten Bahnhof Kunming China Uiguren Konfliktregion Xinjiang Provinz Yunnan China Uiguren Separatist Messerangriff China Uiguren Konfliktregion Xinjiang Reisende Bahnhof Kunming Angriff Terrorakt Separatist ZWF,1
China Uiguren Menschenrecht Aktivist Xinjiang Haft,ZWF China Uiguren Menschenrecht Aktivist Xinjiang Haft ZWF,1
Uno Angaben Hunderttausende Uiguren China Internierung,ZWF Uno Angaben Hunderttausende Uiguren China Internierung ZWF,1
AnfrageInnenministerium Abschiebestopp Uiguren China Asylpolitik Innenministerium,ZWF AnfrageInnenministerium Abschiebestopp Uiguren China Asylpolitik Innenministerium ZWF,1
Asylpolitik Uiguren China,ZWF Asylpolitik Uiguren China ZWF,1
Provinz Xinjiang China Umerziehungslager Uiguren Berufsausbildung,ZWF Provinz Xinjiang China Umerziehungslager Uiguren Berufsausbildung ZWF,1
Frage China Minderheit Tuerkei Schutzmacht Islam Muslim Minderheit China Tuerkei Umerziehungslager Provinz Xinjiang Heimat Uiguren Beobachtung Peking Umerziehungslager Muslim ,ZWF Frage China Minderheit Tuerkei Schutzmacht Islam Muslim Minderheit China Tuerkei Umerziehungslager Provinz Xinjiang Heimat Uiguren Beobachtung Peking Umerziehungslager Muslim  ZWF,1
Umerziehungslager Ueberwachung Unterdrueckung Tibet Fuehrung Uiguren Thema EU China Gipfel China Muslim Gulag,ZWF Umerziehungslager Ueberwachung Unterdrueckung Tibet Fuehrung Uiguren Thema EU China Gipfel China Muslim Gulag ZWF,1
Islam Bigotterie Waehrend Jemen Muslim Hungertod Muslim Uiguren China,ZWF Islam Bigotterie Waehrend Jemen Muslim Hungertod Muslim Uiguren China ZWF,1
Uiguren China Umerziehungslager Internierung Wertegeleitete Diktatur ChinaCables Geheimpapiere Uiguren Regierung Minderheit Umerziehungslager,ZWF Uiguren China Umerziehungslager Internierung Wertegeleitete Diktatur ChinaCables Geheimpapiere Uiguren Regierung Minderheit Umerziehungslager ZWF,1
Uiguren Umerziehungslager US Kongress Muslim Minderheit China Sanktion,ZWF Uiguren Umerziehungslager US Kongress Muslim Minderheit China Sanktion ZWF,1
China Muslimischen Uiguren,ZWF China Muslimischen Uiguren ZWF,1
Kundgebungen Hongkong Umerziehungslager Uiguren China Muslim Umerziehungslager Protest,ZWF Kundgebungen Hongkong Umerziehungslager Uiguren China Muslim Umerziehungslager Protest ZWF,1
Umerziehungslager Zwangsarbeit Muslim Xinjiang,ZWF Umerziehungslager Zwangsarbeit Muslim Xinjiang ZWF,1
Geburtenkontrolle Zwangssterilisierung Internierung Uiguren Sicherheitsgesetz Hongkong EinLandzweiSysteme China Menschenrecht Protest EU Sanktion,ZWF Geburtenkontrolle Zwangssterilisierung Internierung Uiguren Sicherheitsgesetz Hongkong EinLandzweiSysteme China Menschenrecht Protest EU Sanktion ZWF,1
Ankunft Uiguren Umerziehungslager Xinjiang China Menschenrecht Diktatur,ZWF Ankunft Uiguren Umerziehungslager Xinjiang China Menschenrecht Diktatur ZWF,1
Menschenrecht Unterdrueckung CCP Minderheit Regime China Uiguren Haft Minderheit China,ZWF Menschenrecht Unterdrueckung CCP Minderheit Regime China Uiguren Haft Minderheit China ZWF,1
Uiguren China Umerziehungslager Uiguren China Moscheen Uiguren China Umerziehungslager,ZWF Uiguren China Umerziehungslager Uiguren China Moscheen Uiguren China Umerziehungslager ZWF,1
Chin Genozid Uiguren Menschenrecht Hongkong UN Menschenrecht Vertrauen Organisation Reform,ZWF Chin Genozid Uiguren Menschenrecht Hongkong UN Menschenrecht Vertrauen Organisation Reform ZWF,1
Cartoon Satire Zeitschrift Muslim Uiguren Muslim Umerziehungslager Muslim China,ZWF Cartoon Satire Zeitschrift Muslim Uiguren Muslim Umerziehungslager Muslim China ZWF,1
Gemeinsame Allianz Demokratie Genozid Uiguren Uiguren Genozid,ZWF Gemeinsame Allianz Demokratie Genozid Uiguren Uiguren Genozid ZWF,1
Mehrheit Resolution Forderung Rat Kommission Situation Uiguren Xinjiang Menschenrecht,ZWF Mehrheit Resolution Forderung Rat Kommission Situation Uiguren Xinjiang Menschenrecht ZWF,1
China Land Uiguren UN Menschenrecht,ZWF China Land Uiguren UN Menschenrecht ZWF,1
China Unterdrueckung Uiguren Muslim Minderheit Xinjiang Uiguren Haft Umerziehungslager,ZWF China Unterdrueckung Uiguren Muslim Minderheit Xinjiang Uiguren Haft Umerziehungslager ZWF,1
Unterdrueckung Ausbeutung Uiguren Trump,ZWF Unterdrueckung Ausbeutung Uiguren Trump ZWF,1
EinLandzweiSysteme China Uiguren Minderheit Umerziehungslager,ZWF EinLandzweiSysteme China Uiguren Minderheit Umerziehungslager ZWF,1
Unterdrueckung Uiguren Sanktion Volksrepublik,ZWF Unterdrueckung Uiguren Sanktion Volksrepublik ZWF,1
Sanktion BundReg Menschenrechtsverletzungen China Uiguren USA Guantanamo Frage TiloJung Guantanamo Sanktion Menschenrecht,ZWF Sanktion BundReg Menschenrechtsverletzungen China Uiguren USA Guantanamo Frage TiloJung Guantanamo Sanktion Menschenrecht ZWF,1
China Uiguren Voelkermord,ZWF China Uiguren Voelkermord ZWF,1
China Muslim Uiguren Umerziehungslager Zwangssterilisation Frauen Muslim Strasse Israel Terrorismus Protest Hetzen,ZWF China Muslim Uiguren Umerziehungslager Zwangssterilisation Frauen Muslim Strasse Israel Terrorismus Protest Hetzen ZWF,1
Staaten Voelkermord Uiguren Xinjiang Peking Heimatregion Muslim Minderheit Ordnung Reise Land Taeuschungen China Unterdrueckung Uiguren Disneyland Xinjiang,ZWF Staaten Voelkermord Uiguren Xinjiang Peking Heimatregion Muslim Minderheit Ordnung Reise Land Taeuschungen China Unterdrueckung Uiguren Disneyland Xinjiang ZWF,1
China Unterdrueckung Uiguren,ZWF China Unterdrueckung Uiguren ZWF,1
China Untersuchung Entstehung Corona Virus Freiheit Hongkong Nobelpreistraeger Gefaengnis Uiguren Umerziehungslager Angriff Taiwan Wunschdenker Staat,ZWF China Untersuchung Entstehung Corona Virus Freiheit Hongkong Nobelpreistraeger Gefaengnis Uiguren Umerziehungslager Angriff Taiwan Wunschdenker Staat ZWF,1
Xinjiang China Uiguren Buergerrechtler Haft ,ZWF Xinjiang China Uiguren Buergerrechtler Haft  ZWF,1
China Region Xinjiang 20 Menschen Anschlag umgekommen Uiguren,ZWF China Region Xinjiang 20 Menschen Anschlag umgekommen Uiguren ZWF,1
Camps Uiguren Anklage UN China China Vereinte Nationen Uiguren Heimatregion Uiguren Umerziehungslager UN Ausschuss Camp Uiguren Anklage,ZWF Camps Uiguren Anklage UN China China Vereinte Nationen Uiguren Heimatregion Uiguren Umerziehungslager UN Ausschuss Camp Uiguren Anklage ZWF,1
Uiguren Angehoerige Muslim Minderheit China China Deutschland Uiguren Muslim Minderheit China Uiguren,ZWF Uiguren Angehoerige Muslim Minderheit China China Deutschland Uiguren Muslim Minderheit China Uiguren ZWF,1
Peking Provinz Xinjiang Muslim Einrichtung Watch Xinjiang Experte China Uiguren China Uiguren Umerziehungslager Human Rights Watch Uiguren Umerziehungslager Provinz Xinjiang,ZWF Peking Provinz Xinjiang Muslim Einrichtung Watch Xinjiang Experte China Uiguren China Uiguren Umerziehungslager Human Rights Watch Uiguren Umerziehungslager Provinz Xinjiang ZWF,1
China Umerziehungslager China Umerziehungslager Regime Muslim Uiguren,ZWF China Umerziehungslager China Umerziehungslager Regime Muslim Uiguren ZWF,1
China Aussenminister Heiko Maas Transparenz Konflikt Uiguren Menschenrecht Aussenminister Heiko Maas China Umgang Uiguren Konflikt China Umerziehungslager Uiguren Aussenminister Reise Peking Transparenz China Regierung,ZWF China Aussenminister Heiko Maas Transparenz Konflikt Uiguren Menschenrecht Aussenminister Heiko Maas China Umgang Uiguren Konflikt China Umerziehungslager Uiguren Aussenminister Reise Peking Transparenz China Regierung ZWF,1
Aussenminister Heiko Maas China Umerziehungslager Uiguren Xinjiang China Umerziehungslager Uiguren Regierung Peking Kritik Aussenministers Umgang Muslim Turkvolk zurueckgewiesen Terrorismus,ZWF Aussenminister Heiko Maas China Umerziehungslager Uiguren Xinjiang China Umerziehungslager Uiguren Regierung Peking Kritik Aussenministers Umgang Muslim Turkvolk zurueckgewiesen Terrorismus ZWF,1
Streit Ankara Peking Tuerkei China Umerziehungslager Uiguren,ZWF Streit Ankara Peking Tuerkei China Umerziehungslager Uiguren ZWF,1
Uiguren Tuerkei China Schliessung Umerziehungslager China Terrorismus Extremismus Tuerkei Uiguren China Tuerkei China Schliessung Umerziehungslager Uiguren Umerziehungslager,ZWF Uiguren Tuerkei China Schliessung Umerziehungslager China Terrorismus Extremismus Tuerkei Uiguren China Tuerkei China Schliessung Umerziehungslager Uiguren Umerziehungslager ZWF,1
China Ueberwachung Xinjiang,ZWF China Ueberwachung Xinjiang ZWF,1
Uiguren Land Unterdruecken China Deutschland Uiguren China Menschenrecht Glaubensfreiheit,ZWF Uiguren Land Unterdruecken China Deutschland Uiguren China Menschenrecht Glaubensfreiheit ZWF,1
Uiguren Verpflichtung Achtung Menschenrecht,ZWF Uiguren Verpflichtung Achtung Menschenrecht ZWF,1
Berichte Zwangslager Uiguren Unterdrueckung Uiguren China Uiguren Welt Tragoedie Uiguren Umerziehungslager Unterdrueckung Minderheit,ZWF Berichte Zwangslager Uiguren Unterdrueckung Uiguren China Uiguren Welt Tragoedie Uiguren Umerziehungslager Unterdrueckung Minderheit ZWF,1
Diktatur Problem Extremismus China Staatschef Xi Jinping Xinjiang Uiguren Uiguren Gnade China Regierung Nordwesten Muslim Dokument,ZWF Diktatur Problem Extremismus China Staatschef Xi Jinping Xinjiang Uiguren Uiguren Gnade China Regierung Nordwesten Muslim Dokument ZWF,1
Uiguren Angehoerige Minderheit Umerziehungslager China Praesident Uiguren Weltkongresses Sanktion Uiguren Vertreter Sanktion China Geheime Papiere Fuehrung Minderheit Land Uiguren Hilfe,ZWF Uiguren Angehoerige Minderheit Umerziehungslager China Praesident Uiguren Weltkongresses Sanktion Uiguren Vertreter Sanktion China Geheime Papiere Fuehrung Minderheit Land Uiguren Hilfe ZWF,1
ChinaCables Internierung Uiguren China Ueberwachung Xinjiang,ZWF ChinaCables Internierung Uiguren China Ueberwachung Xinjiang ZWF,1
Meldung Uiguren China Welt ChinaCables China Welt Umerziehungslager Uiguren Xinjiang China,ZWF Meldung Uiguren China Welt ChinaCables China Welt Umerziehungslager Uiguren Xinjiang China ZWF,1
Regierung Uiguren Minderheit Umerziehungslager ChinaCables George Orwells Vision 1984 Ueberwachung ChinaCables Uiguren Einbruch Dresdens Schatzkammer Ministerinnen,ZWF Regierung Uiguren Minderheit Umerziehungslager ChinaCables George Orwells Vision 1984 Ueberwachung ChinaCables Uiguren Einbruch Dresdens Schatzkammer Ministerinnen ZWF,1
US Aussenminister Pompeo China Freilassung Uiguren US Aussenminister USA China Freilassung Uiguren Unterdrueckung Minderheit Uiguren Umerziehungslager,ZWF US Aussenminister Pompeo China Freilassung Uiguren US Aussenminister USA China Freilassung Uiguren Unterdrueckung Minderheit Uiguren Umerziehungslager ZWF,1
Kommissionspraesidentin Peking Umerziehungslager Uiguren US Aussenminister Pompeo Debatte Uiguren China Kommissionspraesidentin,ZWF Kommissionspraesidentin Peking Umerziehungslager Uiguren US Aussenminister Pompeo Debatte Uiguren China Kommissionspraesidentin ZWF,1
US Repraesentantenhaus Gesetzentwurf Unterdrueckung Uiguren China Entwurf Uiguren US Kongress Sanktion China US Repraesentantenhaus Gesetz Menschenrecht Minderheit China Verstoesse China,ZWF US Repraesentantenhaus Gesetzentwurf Unterdrueckung Uiguren China Entwurf Uiguren US Kongress Sanktion China US Repraesentantenhaus Gesetz Menschenrecht Minderheit China Verstoesse China ZWF,1
China Uiguren Umerziehungslager Exil Uiguren Macht Muenchen Uiguren Uiguren Muenchen Umerziehungslager,ZWF China Uiguren Umerziehungslager Exil Uiguren Macht Muenchen Uiguren Uiguren Muenchen Umerziehungslager ZWF,1
Muslim Uiguren Verfolgung China Tyrannen Uiguren MuslimenMenschenrecht Aktivist Uiguren Umerziehungslager,ZWF Muslim Uiguren Verfolgung China Tyrannen Uiguren MuslimenMenschenrecht Aktivist Uiguren Umerziehungslager ZWF,1
US Aussenminister Pompeo Fussballspieler Mesut Rueckendeckung Unterdrueckung Uiguren China Uiguren Uiguren,ZWF US Aussenminister Pompeo Fussballspieler Mesut Rueckendeckung Unterdrueckung Uiguren China Uiguren Uiguren ZWF,1
China Orwell Hightech Mitglied UN Mission Kritik China Menschenrecht Ueberwachung Umgang Uiguren Menschrecht,ZWF China Orwell Hightech Mitglied UN Mission Kritik China Menschenrecht Ueberwachung Umgang Uiguren Menschrecht ZWF,1
ChinaCables Interne Banalitaeten Uiguren Umerziehungslager ChinaCables Uiguren Umerziehungslager Dokumente Behoerde Banalitaeten Uiguren Umerziehungslager,ZWF ChinaCables Interne Banalitaeten Uiguren Umerziehungslager ChinaCables Uiguren Umerziehungslager Dokumente Behoerde Banalitaeten Uiguren Umerziehungslager ZWF,1
Uiguren China Geheimdokumente Uiguren Geheimdokumente Verletzung Freiheit China Uiguren Umerziehungslager Gruende,ZWF Uiguren China Geheimdokumente Uiguren Geheimdokumente Verletzung Freiheit China Uiguren Umerziehungslager Gruende ZWF,1
China Uiguren Umerziehungslager Exil Uiguren Deutschland China Macht Uiguren Uiguren Muenchen China Umerziehungslage,ZWF China Uiguren Umerziehungslager Exil Uiguren Deutschland China Macht Uiguren Uiguren Muenchen China Umerziehungslage ZWF,1
Uiguren China Trump Sanktion Uiguren Sanktion Bolton Trump China Umerziehungslager Uiguren,ZWF Uiguren China Trump Sanktion Uiguren Sanktion Bolton Trump China Umerziehungslager Uiguren ZWF,1
Uiguren China Menschenrecht Xinjiang Sanktion Politiker Finanzministerium Politiker Institution Strafen Unterdrueckung Uiguren China,ZWF Uiguren China Menschenrecht Xinjiang Sanktion Politiker Finanzministerium Politiker Institution Strafen Unterdrueckung Uiguren China ZWF,1
Menschenrecht Uiguren China Umgang Uiguren Minderheit Menschenrecht China Uiguren Sanktion,ZWF Menschenrecht Uiguren China Umgang Uiguren Minderheit Menschenrecht China Uiguren Sanktion ZWF,1
Uiguren Umerziehungslager Welt Exil Uiguren Deutschland China Macht Uiguren Uiguren Muenchen Umerziehungslager,ZWF Uiguren Umerziehungslager Welt Exil Uiguren Deutschland China Macht Uiguren Uiguren Muenchen Umerziehungslager ZWF,1
Menschenrecht Bundesregierung Baerbel Kofle Umerziehungslager Menschenrecht China Uiguren Menschenrecht Verletzung China China Menschenrecht Menschenrecht,ZWF Menschenrecht Bundesregierung Baerbel Kofle Umerziehungslager Menschenrecht China Uiguren Menschenrecht Verletzung China China Menschenrecht Menschenrecht ZWF,1
Interview Morgen Zwangsarbeit Tibet China China Sozialwissenschaftler Adrian Zenz Menschenrechtsverstoesse Zeit Internierung Uiguren Zwang,ZWF Interview Morgen Zwangsarbeit Tibet China China Sozialwissenschaftler Adrian Zenz Menschenrechtsverstoesse Zeit Internierung Uiguren Zwang ZWF,1
Uiguren Genozid US Regierung China Voelkermord Uiguren US Aussenminister Pompeo China Minderheit Uiguren Genozid,ZWF Uiguren Genozid US Regierung China Voelkermord Uiguren US Aussenminister Pompeo China Minderheit Uiguren Genozid ZWF,1
China Uiguren Umerziehungslager Uiguren Buch Zeit Haft Buch Haftbedingungen Uiguren Umerziehungslager Uiguren Uiguren Gulbahar Haitiwaji erschuetterndes Buch Haft ,ZWF China Uiguren Umerziehungslager Uiguren Buch Zeit Haft Buch Haftbedingungen Uiguren Umerziehungslager Uiguren Uiguren Gulbahar Haitiwaji erschuetterndes Buch Haft  ZWF,1
Austausch Mandarin Kantonesisch Zensur Clubhouse Clubhouse China Zensur Verfolgung Uiguren Meinungsfreiheit,ZWF Austausch Mandarin Kantonesisch Zensur Clubhouse Clubhouse China Zensur Verfolgung Uiguren Meinungsfreiheit ZWF,1
Minnesota bringt Forscher ans Licht China Uiguren Zwangsarbeit Gedaechtnis Internets Datensauger Minnesota China Uiguren Geschichte Zwangsarbeit Gedaechtnis,ZWF Minnesota bringt Forscher ans Licht China Uiguren Zwangsarbeit Gedaechtnis Internets Datensauger Minnesota China Uiguren Geschichte Zwangsarbeit Gedaechtnis ZWF,1
EU verhaengt Unterdrueckung Uiguren Sanktion China Union China Sanktion Europaeer China Hunderttausende Uiguren Umerziehungslager,ZWF EU verhaengt Unterdrueckung Uiguren Sanktion China Union China Sanktion Europaeer China Hunderttausende Uiguren Umerziehungslager ZWF,1
EU Sanktion China Strafmassnahme Unterdrueckung Minderheit Uiguren EU Sanktion China Strafmassnahme Menschenrechtsverletzungen Unterdrueckung Uiguren,ZWF EU Sanktion China Strafmassnahme Unterdrueckung Minderheit Uiguren EU Sanktion China Strafmassnahme Menschenrechtsverletzungen Unterdrueckung Uiguren ZWF,1
New York Times Pulitzerpreis Berichterstattung Pandemie Investigativrecherchen Umerziehungslager Uiguren China Journalismus Pulitzerpreise,ZWF New York Times Pulitzerpreis Berichterstattung Pandemie Investigativrecherchen Umerziehungslager Uiguren China Journalismus Pulitzerpreise ZWF,1
Organraub China Erkenntnissen Sonderberichterstattern Haeftlinge FalunGong Uiguren Tibeter Muslim Christen China UN Expert Organraub Haeftlingen China Angehoerige Minderheit Organlieferant,ZWF Organraub China Erkenntnissen Sonderberichterstattern Haeftlinge FalunGong Uiguren Tibeter Muslim Christen China UN Expert Organraub Haeftlingen China Angehoerige Minderheit Organlieferant ZWF,1
Menschenrecht China Menschenrecht Firma Generalbundesanwalt Geschaeft China Versklavung Uiguren,ZWF Menschenrecht China Menschenrecht Firma Generalbundesanwalt Geschaeft China Versklavung Uiguren ZWF,1
Toedlicher Peking Polizei Uiguren ,ZWF Toedlicher Peking Polizei Uiguren  ZWF,1
China Uiguren Terror Propaganda Vorwuerf,ZWF China Uiguren Terror Propaganda Vorwuerf ZWF,1
China Verteidigungsausgaben Verbrechen Uiguren China Menschenrecht,ZWF China Verteidigungsausgaben Verbrechen Uiguren China Menschenrecht ZWF,1
Tiananmen Platz China General Uiguren Provinz Xinjiang,ZWF Tiananmen Platz China General Uiguren Provinz Xinjiang ZWF,1